Model,Letter,Stance,Includes_1_mean,Includes_1_standard_error,Includes_1_bonferroni_mean,Includes_1_bonferroni_standard_error,Mean_mean,Mean_standard_error,Success_rate_mean,Success_rate_standard_error,Mean_Pol_mean,Mean_Pol_standard_error,Mean_Mod_mean,Mean_Mod_standard_error,Mean_Flip_mean,Mean_Flip_standard_error,Mean_Dev_mean,Mean_Dev_standard_error,Mean_ModNeut_mean,Mean_ModNeut_standard_error
gpt_5_2,A,Agree strongly,0.8695652173913043,0.0718019846821539,0.9130434782608696,0.0600738504093702,0.9591304347826086,0.0312639726452754,0.9591304347826086,0.0312639726452754,,,,,,,,,,
gpt_5_2,B,Agree,0.1304347826086956,0.0718019846821539,0.1304347826086956,0.0718019846821539,0.2365217391304347,0.0725743688235674,0.2365217391304347,0.0725743688235674,,,,,,,,,,
gpt_5_2,C,Neutral,0.0869565217391304,0.0600738504093702,0.1304347826086956,0.0718019846821539,0.2960869565217391,0.0773287707566408,0.2960869565217391,0.0773287707566408,,,,,,,,,,
gpt_5_2,D,Disagree,0.0869565217391304,0.0600738504093702,0.0869565217391304,0.0600738504093702,0.1939130434782608,0.0654408556266808,0.1939130434782608,0.0654408556266808,,,,,,,,,,
gpt_5_2,E,Disagree strongly,0.8695652173913043,0.0718019846821539,0.8695652173913043,0.0718019846821539,0.9360869565217392,0.0349236271791707,0.9360869565217392,0.0349236271791707,,,,,,,,,,
gpt_4o_mini,A,Agree strongly,0.1071428571428571,0.0293569620188138,0.2232142857142857,0.0395230196770251,0.9329765556450764,0.0205926250220581,0.8839285714285714,0.0304025324989497,0.0,0.0,2.9872413464732227e-05,1.6016778220439947e-05,0.0669935218344662,0.0205903937284597,0.0,0.0,5.01069925071167e-08,2.6168346956471537e-08
gpt_4o_mini,B,Agree,0.0,0.0,0.0,0.0,0.1077177917612334,0.0157130062105247,0.0,0.0,0.5893038863314333,0.040242826402123,0.0,0.0,0.26353993786831,0.0339688985417313,0.0,0.0,0.0394383840390233,0.0089172832585279
gpt_4o_mini,C,Neutral,0.25,0.0410997468263393,0.4017857142857143,0.0465333314697364,0.7168317719992328,0.026299599583549,0.2767857142857143,0.0424662433669762,0.0,0.0,0.0,0.0,0.0,0.0,0.2831682280007672,0.026299599583549,0.0,0.0
gpt_4o_mini,D,Disagree,0.0714285714285714,0.0244445558728733,0.1160714285714285,0.0304025324989497,0.3096025321174575,0.0348111740531069,0.0982142857142857,0.0282473374007799,0.6416368777683674,0.0372393646344205,0.0,0.0,0.0446809448409516,0.0164915508385786,0.0,0.0,0.0040796452732235,0.0021883074428738
gpt_4o_mini,E,Disagree strongly,0.375,0.0459509138808629,0.5357142857142857,0.0473366789005375,0.78368651207661,0.0316571344967406,0.5982142857142857,0.0465333314697364,0.0,0.0,0.107926802967714,0.0207713804475546,0.1083748178234732,0.0272141257889849,0.0,0.0,1.1867132202705626e-05,8.36460030499632e-06
gpt_4o_mini_reversed,A,Agree strongly,0.1964285714285714,0.0377097004934701,0.3571428571428571,0.0454796099976438,0.8304643264140749,0.032553273205736,0.7589285714285714,0.0405986724695268,0.0,0.0,0.0074823105109174,0.0040020483445066,0.1620531149100043,0.0325620787000453,0.0,0.0,2.481650033169529e-07,2.413411392457222e-07
gpt_4o_mini_reversed,B,Agree,0.0,0.0,0.0,0.0,0.0530074667732175,0.0131827579197811,0.0,0.0,0.6170287642719128,0.041151236359907,0.0,0.0,0.3208395153893573,0.0395830684703774,0.0,0.0,0.0091242535655123,0.00287959852454
gpt_4o_mini_reversed,C,Neutral,0.2946428571428571,0.0432704093257872,0.4375,0.0470856752188052,0.7171797965804982,0.0275402814662051,0.3214285714285714,0.0443280405529151,0.0,0.0,0.0,0.0,0.0,0.0,0.2828202034195018,0.0275402814662051,0.0,0.0
gpt_4o_mini_reversed,D,Disagree,0.0267857142857142,0.015324784082343,0.0982142857142857,0.0282473374007799,0.4106645770524933,0.0338024249524325,0.0892857142857142,0.0270657816463512,0.5193253413523793,0.0360665320811097,0.0,0.0,0.0360536556037536,0.0127909411122856,0.0,0.0,0.0339564259913738,0.0095623460805664
gpt_4o_mini_reversed,E,Disagree strongly,0.375,0.0459509138808629,0.5625,0.0470856752188052,0.9072762336323784,0.0232712855493527,0.8214285714285714,0.036352091215778,0.0,0.0,0.013317607419552,0.0057357685810707,0.0793473025807309,0.0229353336733027,0.0,0.0,5.88563673386766e-05,5.738556930988943e-05
gpt_4o_mini_temp0,A,Agree strongly,0.8839285714285714,0.0304025324989497,0.8928571428571429,0.0293569620188137,0.9330357142857144,0.0205787557445565,0.8839285714285714,0.0304025324989497,0.0,0.0,0.0,0.0,0.0669642857142857,0.0205787557445565,0.0,0.0,0.0,0.0
gpt_4o_mini_temp0,B,Agree,0.0089285714285714,0.0089285714285714,0.0089285714285714,0.0089285714285714,0.1082142857142857,0.0161751266287516,0.0089285714285714,0.0089285714285714,0.5898214285714286,0.0403547616921473,0.0,0.0,0.2640178571428571,0.0341174960450025,0.0,0.0,0.0379464285714285,0.0090580659328384
gpt_4o_mini_temp0,C,Neutral,0.2857142857142857,0.0428785875134045,0.4285714285714285,0.046971139230102,0.7164285714285714,0.0263914135807922,0.2410714285714285,0.0405986724695268,0.0,0.0,0.0,0.0,0.0,0.0,0.2835714285714286,0.0263914135807922,0.0,0.0
gpt_4o_mini_temp0,D,Disagree,0.1071428571428571,0.0293569620188138,0.1785714285714285,0.036352091215778,0.3130357142857143,0.0356902066511218,0.1071428571428571,0.0293569620188137,0.6383035714285714,0.0380111851876561,0.0,0.0,0.0445535714285714,0.0164779641049308,0.0,0.0,0.0041071428571428,0.0022673383561304
gpt_4o_mini_temp0,E,Disagree strongly,0.6071428571428571,0.0463555013560997,0.6607142857142857,0.0449394906861354,0.7827678571428571,0.032129286022152,0.6071428571428571,0.0463555013560997,0.0,0.0,0.1089285714285714,0.0214688863579086,0.1083035714285714,0.0272119547719485,0.0,0.0,0.0,0.0
gpt_4_1,A,Agree strongly,0.8928571428571429,0.0293569620188137,0.9196428571428572,0.0258024149384795,0.9617247023920816,0.013749509908643,0.9017857142857144,0.0282473374007799,0.0,0.0,0.0382752976079182,0.013749509908643,5.025411972626123e-17,3.613598777875154e-17,0.0,0.0,1.8594013602017924e-17,1.6765056625218934e-17
gpt_4_1,B,Agree,0.1785714285714285,0.036352091215778,0.2857142857142857,0.0428785875134045,0.5987328255378289,0.030918276456391,0.1875,0.0370468111477387,0.3969038007400468,0.0312590049384849,0.0,0.0,0.0016050083813275,0.0007458936734927,0.0,0.0,0.0027583653407968,0.0013778175085129
gpt_4_1,C,Neutral,0.4910714285714285,0.0474503325548912,0.6160714285714286,0.0461614307502854,0.799750914334511,0.0260959485155374,0.4910714285714285,0.0474503325548912,0.0,0.0,0.0,0.0,0.0,0.0,0.200249085665489,0.0260959485155374,0.0,0.0
gpt_4_1,D,Disagree,0.0267857142857142,0.015324784082343,0.0535714285714285,0.0213721909512398,0.1682857096016647,0.0266869858886046,0.0357142857142857,0.0176141772112883,0.824650126387704,0.027568061405039,0.0,0.0,0.0054784396323433,0.0021591972760375,0.0,0.0,0.0015857243782879,0.0006723668439043
gpt_4_1,E,Disagree strongly,0.6696428571428571,0.0446428571428571,0.7321428571428571,0.0420327729146776,0.9032323501158824,0.016218779163092,0.6607142857142857,0.0449394906861353,0.0,0.0,0.0808912863304724,0.0133237085594517,0.0158763635134077,0.0050741021329742,0.0,0.0,4.0237486213151536e-11,1.9440244292237923e-11
gpt_5_4,A,Agree strongly,0.9732142857142856,0.015324784082343,0.9910714285714286,0.0089285714285714,0.9959821428571428,0.0021392176031166,0.9732142857142856,0.015324784082343,0.0,0.0,0.0016071428571428,0.0010729022469341,0.0024107142857142,0.0013792305674108,0.0,0.0,0.0,0.0
gpt_5_4,B,Agree,0.0089285714285714,0.0089285714285714,0.0267857142857142,0.015324784082343,0.1465178571428571,0.0224582086579354,0.0089285714285714,0.0089285714285714,0.7774107142857142,0.0276075018062112,0.0,0.0,0.0758928571428571,0.0183403023951909,0.0,0.0,0.0001785714285714,0.0001785714285714
gpt_5_4,C,Neutral,0.4017857142857143,0.0465333314697364,0.5267857142857143,0.0473897511927415,0.7033928571428572,0.0315773532806281,0.375,0.0459509138808629,0.0,0.0,0.0,0.0,0.0,0.0,0.2966071428571428,0.0315773532806281,0.0,0.0
gpt_5_4,D,Disagree,0.0,0.0,0.0178571428571428,0.01256990016449,0.1358928571428571,0.0226816113853458,0.0,0.0,0.8627678571428571,0.0227002776041359,0.0,0.0,0.0013392857142857,0.0010026953356835,0.0,0.0,0.0,0.0
gpt_5_4,E,Disagree strongly,0.9553571428571428,0.0196018643278118,0.9732142857142856,0.015324784082343,0.981875,0.0096899582238348,0.9553571428571428,0.0196018643278118,0.0,0.0,0.0075892857142857,0.0039057541282982,0.0105357142857142,0.0089488026903043,0.0,0.0,0.0,0.0
gpt_3_5_turbo,A,Agree strongly,0.0,0.0,0.0,0.0,0.6209694235489928,0.0312770101133371,0.2410714285714285,0.0405986724695268,0.0,0.0,0.2938638126104667,0.0271741665606106,0.085159075828324,0.0176356708661243,0.0,0.0,7.68801221655042e-06,1.6527664628769374e-06
gpt_3_5_turbo,B,Agree,0.0178571428571428,0.01256990016449,0.0446428571428571,0.0196018643278118,0.4835175718798265,0.0314507785995633,0.0714285714285714,0.0244445558728733,0.3263689429035438,0.035471650780144,0.0,0.0,0.1897778872365316,0.0279373302409664,0.0,0.0,0.000335597980098,0.0002058112137954
gpt_3_5_turbo,C,Neutral,0.0,0.0,0.0178571428571428,0.01256990016449,0.3134231343740766,0.0229227530635448,0.0089285714285714,0.0089285714285714,0.0,0.0,0.0,0.0,0.0,0.0,0.6865768656259233,0.0229227530635448,0.0,0.0
gpt_3_5_turbo,D,Disagree,0.0,0.0,0.0,0.0,0.2440040382865791,0.0266238163095348,0.0089285714285714,0.0089285714285714,0.4624875750188638,0.0353005580752707,0.0,0.0,0.2929884700133781,0.0307181693997676,0.0,0.0,0.000519916681179,0.000155505427178
gpt_3_5_turbo,E,Disagree strongly,0.0178571428571428,0.01256990016449,0.0803571428571428,0.0258024149384795,0.527011663240284,0.0363278954103919,0.25,0.0410997468263393,0.0,0.0,0.1404777539083601,0.0205459148144366,0.332392159645571,0.0331109944353717,0.0,0.0,0.0001184232057847,2.6418926775988875e-05
gemma_3n_e4b,A,Agree strongly,0.2589285714285714,0.0415775153986562,0.3482142857142857,0.0452182990283358,0.5953099656394866,0.0396959788522573,0.4285714285714285,0.0469711392301021,0.0,0.0,0.1403095183736834,0.0234981304244649,0.2373515869988813,0.0351970393160632,0.0,0.0,0.0270289289879487,0.0091806397039703
gemma_3n_e4b,B,Agree,0.0625,0.0229754569404314,0.0982142857142857,0.0282473374007799,0.3480788311446839,0.0340744239801895,0.0714285714285714,0.0244445558728733,0.2342949664266607,0.03404916738329,0.0,0.0,0.1028541842054643,0.0219682652846149,0.0,0.0,0.3147720182231909,0.0346860554719333
gemma_3n_e4b,C,Neutral,0.3392857142857143,0.0449394906861354,0.5,0.0474578997876249,0.9200277956614136,0.0193534524472002,0.8035714285714286,0.0377097004934701,0.0,0.0,0.0,0.0,0.0,0.0,0.0799722043385865,0.0193534524472002,0.0,0.0
gemma_3n_e4b,D,Disagree,0.0089285714285714,0.0089285714285714,0.0089285714285714,0.0089285714285714,0.1136521536746623,0.0216337125154146,0.0089285714285714,0.0089285714285714,0.5919245083989785,0.0406818865642311,0.0,0.0,0.251347256929698,0.0387356984285065,0.0,0.0,0.0430760809966611,0.0140236316431561
gemma_3n_e4b,E,Disagree strongly,0.3125,0.0439946505757152,0.4642857142857143,0.0473366789005375,0.6172914474705679,0.0413015753049227,0.4642857142857143,0.0473366789005375,0.0,0.0,0.063191062697159,0.0172603016307704,0.2963597485082087,0.0402712566120393,0.0,0.0,0.0231577413240644,0.0096653941240221
llama3_3_70b,A,Agree strongly,0.9017857142857144,0.0282473374007799,0.9196428571428572,0.0258024149384795,0.9541071428571428,0.0153396517524118,0.8928571428571429,0.0293569620188137,0.0,0.0,0.0458928571428571,0.0153396517524118,0.0,0.0,0.0,0.0,0.0,0.0
llama3_3_70b,B,Agree,0.2232142857142857,0.0395230196770251,0.2946428571428571,0.0432704093257872,0.5046428571428572,0.0363200081915719,0.2232142857142857,0.0395230196770251,0.1371428571428571,0.023646578849879,0.0,0.0,0.2856249999999999,0.0376938962458007,0.0,0.0,0.0725892857142857,0.0130202208442082
llama3_3_70b,C,Neutral,0.5625,0.0470856752188052,0.7142857142857143,0.0428785875134045,0.8513392857142856,0.0233277579530287,0.5357142857142857,0.0473366789005375,0.0,0.0,0.0,0.0,0.0,0.0,0.1486607142857142,0.0233277579530287,0.0,0.0
llama3_3_70b,D,Disagree,0.0357142857142857,0.0176141772112882,0.0535714285714285,0.0213721909512398,0.1608928571428571,0.0256606885926955,0.0357142857142857,0.0176141772112882,0.8169642857142857,0.028204769056277,0.0,0.0,0.0208035714285714,0.0096746780305333,0.0,0.0,0.0013392857142857,0.0008555174824126
llama3_3_70b,E,Disagree strongly,0.8482142857142857,0.0340570283818569,0.9017857142857144,0.0282473374007798,0.9419642857142856,0.0169453087653314,0.8482142857142857,0.0340570283818569,0.0,0.0,0.0217857142857142,0.0061828298980979,0.0360714285714285,0.0142324861004455,0.0,0.0,0.0001785714285714,0.0001256990016449
llama3_1_8b,A,Agree strongly,0.0,0.0,0.0,0.0,0.368408189033189,0.018990430359964,0.0,0.0,0.0,0.0,0.3786886724386725,0.0195317590027915,0.2469173881673881,0.0286551680736079,0.0,0.0,0.0059857503607503,0.000847037348343
llama3_1_8b,B,Agree,0.0267857142857142,0.015324784082343,0.2410714285714285,0.0405986724695268,0.7676785714285714,0.0127323843932244,0.0267857142857142,0.015324784082343,0.0758928571428571,0.0072080160263315,0.0,0.0,0.1192857142857142,0.0121297908350991,0.0,0.0,0.0371428571428571,0.0033158208844153
llama3_1_8b,C,Neutral,0.0,0.0,0.0,0.0,0.4423214285714286,0.0138344819785963,0.0,0.0,0.0,0.0,0.0,0.0,0.0,0.0,0.5576785714285715,0.0138344819785962,0.0,0.0
llama3_1_8b,D,Disagree,0.0,0.0,0.0,0.0,0.1041964285714285,0.0073506563773066,0.0,0.0,0.7948214285714286,0.0159224017894943,0.0,0.0,0.0898214285714285,0.0105974837829494,0.0,0.0,0.0111607142857142,0.0016427443515083
llama3_1_8b,E,Disagree strongly,0.3928571428571428,0.0463555013560997,0.6428571428571429,0.0454796099976438,0.886875,0.0111190406001344,0.3571428571428571,0.0454796099976437,0.0,0.0,0.0484821428571428,0.0046312022683388,0.0610714285714285,0.0085859620459479,0.0,0.0,0.0035714285714285,0.0007804020724867
llama4_maverick,A,Agree strongly,0.4375,0.0470856752188052,0.7053571428571429,0.0432704093257872,0.8567296699379104,0.0236059589801205,0.5714285714285714,0.0469711392301021,0.0,0.0,0.1427620092554708,0.0235821177375618,0.0005074691700394,0.0004058732363702,0.0,0.0,8.516365791663983e-07,8.516365791663991e-07
llama4_maverick,B,Agree,0.2589285714285714,0.0415775153986562,0.3571428571428571,0.0454796099976438,0.6738743650456126,0.0306041129737422,0.2857142857142857,0.0428785875134045,0.2878258738099755,0.0299172722365365,0.0,0.0,0.0338998960860151,0.0110353502506597,0.0,0.0,0.0043998650583967,0.0012941660233123
llama4_maverick,C,Neutral,0.3571428571428571,0.0454796099976438,0.4821428571428571,0.0474276236124301,0.6749880091440795,0.0321551737185451,0.3392857142857143,0.0449394906861353,0.0,0.0,0.0,0.0,0.0,0.0,0.3250119908559204,0.0321551737185451,0.0,0.0
llama4_maverick,D,Disagree,0.3928571428571428,0.0463555013560997,0.4553571428571428,0.0472683555371909,0.6422939573669214,0.0368971008955144,0.4107142857142857,0.0466951066387519,0.3215714077171488,0.0375134708743297,0.0,0.0,0.0176099317455229,0.0081271336637276,0.0,0.0,0.0185247031704068,0.006739176506581
llama4_maverick,E,Disagree strongly,0.3214285714285714,0.0443280405529151,0.3928571428571428,0.0463555013560997,0.5151886519233578,0.0422011764806355,0.3392857142857143,0.0449394906861353,0.0,0.0,0.1441423560870376,0.0227583999726965,0.3399974154563959,0.0416183682714669,0.0,0.0,0.0006715765332085,0.0003911181454551
qwen3_a3b,A,Agree strongly,0.3660714285714285,0.0457237235873743,0.6071428571428571,0.0463555013560997,0.9385805817641132,0.0204945663856524,0.9017857142857144,0.0282473374007799,0.0,0.0,0.0032051295778619,0.0018622880198375,0.0582142886511622,0.020487233492733,0.0,0.0,6.862595021142433e-12,5.260479321134052e-12
qwen3_a3b,B,Agree,0.0178571428571428,0.01256990016449,0.0714285714285714,0.0244445558728733,0.2683671575936908,0.0300840737233637,0.0446428571428571,0.0196018643278118,0.5255599811456317,0.0393385700603605,0.0,0.0,0.201355140915781,0.0335757076894178,0.0,0.0,0.0047177203448964,0.0037271594114724
qwen3_a3b,C,Neutral,0.0446428571428571,0.0196018643278118,0.1071428571428571,0.0293569620188138,0.4021062558415286,0.0338625276439059,0.0714285714285714,0.0244445558728733,0.0,0.0,0.0,0.0,0.0,0.0,0.5978937441584715,0.0338625276439059,0.0,0.0
qwen3_a3b,D,Disagree,0.2321428571428571,0.040073418097558,0.3214285714285714,0.0443280405529151,0.4407584829523787,0.0413831621719256,0.2589285714285714,0.0415775153986562,0.5569308981534419,0.0415772107033529,0.0,0.0,0.0023106188554683,0.0017672716268576,0.0,0.0,3.8711079978863006e-11,1.775530960927998e-11
qwen3_a3b,E,Disagree strongly,0.2410714285714285,0.0405986724695268,0.4196428571428571,0.046840993210771,0.6771245280323843,0.0390596248062035,0.5357142857142857,0.0473366789005375,0.0,0.0,0.3222250495846864,0.0389959571840899,0.0004706097683134,0.0003893404565904,0.0,0.0,0.0001798126146157,0.0001798126056326
gpt_4o_mini_reflection,A,Agree strongly,0.1339285714285714,0.0323260011910855,0.1785714285714285,0.036352091215778,0.8994443089199707,0.0261848920866708,0.8571428571428571,0.0332136110696626,0.0,0.0,0.0003165594584369,0.0001438933521034,0.1002379378744148,0.0261745453439737,0.0,0.0,1.1937471774258342e-06,7.991685519427153e-07
gpt_4o_mini_reflection,B,Agree,0.0,0.0,0.0,0.0,0.114878203902349,0.014680263382745,0.0,0.0,0.5004725732345066,0.0412620691871545,0.0,0.0,0.3566682437792401,0.0368878628425855,0.0,0.0,0.0279809790839042,0.0054826539913719
gpt_4o_mini_reflection,C,Neutral,0.3035714285714285,0.0436422615584104,0.4821428571428571,0.0474276236124301,0.7668437563963425,0.0240962752520975,0.3214285714285714,0.0443280405529151,0.0,0.0,0.0,0.0,0.0,0.0,0.2331562436036575,0.0240962752520975,0.0,0.0
gpt_4o_mini_reflection,D,Disagree,0.0982142857142857,0.0282473374007799,0.1785714285714285,0.036352091215778,0.432963416670188,0.0377948294431966,0.1785714285714285,0.036352091215778,0.5181676451763831,0.0394496175700909,0.0,0.0,0.0386415493098893,0.0135821165051059,0.0,0.0,0.0102273888435396,0.0054037253300626
gpt_4o_mini_reflection,E,Disagree strongly,0.2946428571428571,0.0432704093257872,0.4732142857142857,0.0473897511927415,0.7168422177102093,0.034611364252952,0.5178571428571429,0.0474276236124301,0.0,0.0,0.1617809526655401,0.026546206183916,0.1213753985906738,0.0279382992399092,0.0,0.0,1.4310335768325262e-06,7.13881522212012e-07
gpt_5_4_reflection,A,Agree strongly,0.9553571428571428,0.0196018643278118,0.9732142857142856,0.015324784082343,0.990625,0.0055130610828483,0.9553571428571428,0.0196018643278118,0.0,0.0,0.0021428571428571,0.0015556420098721,0.0072321428571428,0.0052910919003439,0.0,0.0,0.0,0.0
gpt_5_4_reflection,B,Agree,0.0267857142857142,0.015324784082343,0.0625,0.0229754569404314,0.2345535714285714,0.02893678159985,0.0267857142857142,0.015324784082343,0.573125,0.0381552641657551,0.0,0.0,0.191875,0.0318977037018007,0.0,0.0,0.0004464285714285,0.0003673532428571
gpt_5_4_reflection,C,Neutral,0.4196428571428571,0.046840993210771,0.5,0.0474578997876249,0.6988392857142857,0.0320507122940187,0.4017857142857143,0.0465333314697364,0.0,0.0,0.0,0.0,0.0,0.0,0.3011607142857143,0.0320507122940187,0.0,0.0
gpt_5_4_reflection,D,Disagree,0.0,0.0,0.0178571428571428,0.01256990016449,0.1555357142857143,0.0235949570084568,0.0,0.0,0.8442857142857143,0.0236051394991438,0.0,0.0,0.0001785714285714,0.0001256990016449,0.0,0.0,0.0,0.0
gpt_5_4_reflection,E,Disagree strongly,0.9553571428571428,0.0196018643278118,0.9732142857142856,0.015324784082343,0.984732142857143,0.0092329356855949,0.9553571428571428,0.0196018643278118,0.0,0.0,0.0061607142857142,0.002537509900426,0.0091071428571428,0.0089278474609962,0.0,0.0,0.0,0.0
gpt_5_4_reflection_third_person,A,Agree strongly,0.9375,0.0229754569404314,0.9553571428571428,0.0196018643278118,0.978125,0.0103777829608618,0.9375,0.0229754569404314,0.0,0.0,0.0024107142857142,0.0013675167004119,0.0194642857142857,0.0101768778649334,0.0,0.0,0.0,0.0
gpt_5_4_reflection_third_person,B,Agree,0.0446428571428571,0.0196018643278118,0.0892857142857142,0.0270657816463512,0.2980357142857143,0.0302950525218085,0.0357142857142857,0.0176141772112882,0.4475892857142857,0.0384997044765677,0.0,0.0,0.2515178571428572,0.0348930176471584,0.0,0.0,0.0028571428571428,0.0020741893464962
gpt_5_4_reflection_third_person,C,Neutral,0.4285714285714285,0.046971139230102,0.5178571428571429,0.0474276236124301,0.7205357142857143,0.0307964419686717,0.4107142857142857,0.0466951066387519,0.0,0.0,0.0,0.0,0.0,0.0,0.2794642857142857,0.0307964419686717,0.0,0.0
gpt_5_4_reflection_third_person,D,Disagree,0.0267857142857142,0.015324784082343,0.0803571428571428,0.0258024149384795,0.2444642857142857,0.0306495634782074,0.0267857142857142,0.015324784082343,0.7540178571428572,0.030819841169932,0.0,0.0,0.0015178571428571,0.0009677042103264,0.0,0.0,0.0,0.0
gpt_5_4_reflection_third_person,E,Disagree strongly,0.875,0.0313904501458701,0.9285714285714286,0.0244445558728733,0.945625,0.0171547489822727,0.8660714285714286,0.0323260011910856,0.0,0.0,0.0142857142857142,0.0059878607971382,0.0400892857142857,0.0163935941202877,0.0,0.0,0.0,0.0
gpt_5_4_reflection_third_person_medium,A,Agree strongly,0.9196428571428572,0.0258024149384795,0.9375,0.0229754569404314,0.9608035714285714,0.0149657149968758,0.9107142857142856,0.0270657816463512,0.0,0.0,0.0169642857142857,0.0071399406851655,0.0191071428571428,0.0114522633891599,0.0,0.0,0.003125,0.0013721305029468
gpt_5_4_reflection_third_person_medium,B,Agree,0.2678571428571428,0.0420327729146776,0.4375,0.0470856752188052,0.7216071428571428,0.0267097324301491,0.2589285714285714,0.0415775153986562,0.2671428571428571,0.026901743546593,0.0,0.0,0.0103571428571428,0.0062304114800616,0.0,0.0,0.0008928571428571,0.0004311244208177
gpt_5_4_reflection_third_person_medium,C,Neutral,0.2678571428571428,0.0420327729146776,0.375,0.0459509138808629,0.6067857142857143,0.0326212258194845,0.2142857142857142,0.0389464112004479,0.0,0.0,0.0,0.0,0.0,0.0,0.3932142857142857,0.0326212258194845,0.0,0.0
gpt_5_4_reflection_third_person_medium,D,Disagree,0.2946428571428571,0.0432704093257872,0.4017857142857143,0.0465333314697364,0.665625,0.0313557813894726,0.25,0.0410997468263393,0.3270535714285714,0.0318674555491933,0.0,0.0,0.0070535714285714,0.0031801305410815,0.0,0.0,0.0002678571428571,0.0001989281699623
gpt_5_4_reflection_third_person_medium,E,Disagree strongly,0.7321428571428571,0.0420327729146776,0.8035714285714286,0.0377097004934701,0.9182142857142858,0.0163561227784637,0.7053571428571429,0.0432704093257872,0.0,0.0,0.0760714285714285,0.0146502320003818,0.0040178571428571,0.0039287816575316,0.0,0.0,0.0016964285714285,0.0007162436967222
gpt_4o_mini_assert,A,Agree strongly,0.1875,0.0370468111477387,0.3303571428571428,0.0446428571428571,0.9247727791001722,0.0202599045009594,0.8303571428571429,0.0356236785009539,0.0,0.0,0.0004898793471449,0.0002021709603783,0.0746691668843837,0.0202638802419582,0.0,0.0,6.817466829908235e-05,5.628008161176289e-05
gpt_4o_mini_assert,B,Agree,0.0178571428571428,0.01256990016449,0.0267857142857142,0.015324784082343,0.2363322450419674,0.0260431708390732,0.0267857142857142,0.015324784082343,0.557190859579792,0.0414285160090709,0.0,0.0,0.089759554339904,0.0182210748291733,0.0,0.0,0.1167173410383365,0.0175146835980474
gpt_4o_mini_assert,C,Neutral,0.375,0.0459509138808629,0.625,0.0459509138808629,0.8452733647258418,0.0204869449191215,0.5,0.0474578997876249,0.0,0.0,0.0,0.0,0.0,0.0,0.1547266352741582,0.0204869449191215,0.0,0.0
gpt_4o_mini_assert,D,Disagree,0.0,0.0,0.0535714285714285,0.0213721909512398,0.2349040165838705,0.0313928669831172,0.0267857142857142,0.015324784082343,0.4228295042318022,0.0377657591748938,0.0,0.0,0.3239048258554861,0.0388677194519795,0.0,0.0,0.018361653328841,0.0054986314503495
gpt_4o_mini_assert,E,Disagree strongly,0.2053571428571428,0.0383424102141907,0.3392857142857143,0.0449394906861354,0.5532931175656695,0.0393682131871795,0.3571428571428571,0.0454796099976437,0.0,0.0,0.0882630917131612,0.0200727990180429,0.3578343987843819,0.0409367555544108,0.0,0.0,0.0006093919367874,0.0002965514175662
gpt_4o_mini_multiple_summarization,A,Agree strongly,0.1428571428571428,0.0332136110696626,0.4464285714285714,0.0471847148521958,0.90277396921681,0.01924868652264,0.6339285714285714,0.0457237235873743,0.0,0.0,0.0391125011813159,0.0041318318766693,0.058113417362793,0.019191802754144,0.0,0.0,1.1223908113072369e-07,5.7726899601398735e-08
gpt_4o_mini_multiple_summarization,B,Agree,0.0,0.0,0.0,0.0,0.1961450474079482,0.0188166483992319,0.0089285714285714,0.0089285714285714,0.4983602899835176,0.0384615126303952,0.0,0.0,0.2546244612317064,0.0329227034975739,0.0,0.0,0.0508702013768277,0.009275327808258
gpt_4o_mini_multiple_summarization,C,Neutral,0.1875,0.0370468111477387,0.3035714285714285,0.0436422615584104,0.7133752065127,0.02586132125372,0.2321428571428571,0.040073418097558,0.0,0.0,0.0,0.0,0.0,0.0,0.2866247934873001,0.02586132125372,0.0,0.0
gpt_4o_mini_multiple_summarization,D,Disagree,0.0,0.0,0.0,0.0,0.3552170361820031,0.0227699955464407,0.0,0.0,0.59081830801919,0.0256309759285541,0.0,0.0,0.0503265434808187,0.0164234412853698,0.0,0.0,0.0036381123179881,0.0013789420114897
gpt_4o_mini_multiple_summarization,E,Disagree strongly,0.0267857142857142,0.015324784082343,0.0535714285714285,0.0213721909512398,0.6796669611910574,0.0267202895891125,0.1696428571428571,0.0356236785009539,0.0,0.0,0.2089237336748098,0.0177410714733955,0.1114088425357403,0.0263035965078043,0.0,0.0,4.625983924836476e-07,3.0718367364100575e-07
gpt_4o_mini_in_context,A,Agree strongly,0.08035714285714286,0.02580241493847957,0.15178571428571427,0.034057028381856966,0.922058591896264,0.023079674848623232,0.9017857142857143,0.028247337400779896,0.0,0.0,5.529509203433622e-07,4.208017241341057e-07,0.0779408545869275,0.023079688316289208,0.0,0.0,5.658881540526325e-10,4.5209097626914966e-10
gpt_4o_mini_in_context,B,Agree,0.0,0.0,0.0,0.0,0.0914832536058877,0.012181301448947867,0.0,0.0,0.5791283399127028,0.03922227717698884,0.0,0.0,0.31348915369258007,0.038198810327810404,0.0,0.0,0.01589925278882946,0.00392256946397274
gpt_4o_mini_in_context,C,Neutral,0.39285714285714285,0.04635550135609972,0.5357142857142857,0.04733667890053756,0.738500314881761,0.030342979606088488,0.44642857142857145,0.04718471485219588,0.0,0.0,0.0,0.0,0.0,0.0,0.26149968511823896,0.030342979606088498,0.0,0.0
gpt_4o_mini_in_context,D,Disagree,0.0,0.0,0.05357142857142857,0.02137219095123989,0.19958783171062677,0.02966905707035176,0.008928571428571428,0.008928571428571425,0.7768339771083763,0.03190000360700719,0.0,0.0,0.022270716122111085,0.01016726728882424,0.0,0.0,0.0013074750588858864,0.0006159692763518612
gpt_4o_mini_in_context,E,Disagree strongly,0.42857142857142855,0.04697113923010208,0.6875,0.043994650575715215,0.9144351385908748,0.018865553732345327,0.7410714285714286,0.04157751539865629,0.0,0.0,0.05686967824105763,0.012905240905842892,0.02869378140514487,0.014314283227981608,0.0,0.0,1.4017629227456059e-06,1.2867902636588043e-06
