annotator,1_Q2,2_Q2,3_Q2,4_Q2,5_Q2,6_Q2,7_Q2,8_Q2,9_Q2,10_Q2,11_Q2,12_Q2,13_Q2,14_Q2,15_Q2,16_Q2,17_Q2,18_Q2,19_Q2,20_Q2,21_Q2,22_Q2,23_Q2,24_Q2,25_Q2,26_Q2,27_Q2,28_Q2,29_Q2,30_Q2,31_Q2,32_Q2,33_Q2,34_Q2,35_Q2,36_Q2,37_Q2,38_Q2,39_Q2,40_Q2,41_Q2,42_Q2,43_Q2,44_Q2,45_Q2,46_Q2,47_Q2,48_Q2,49_Q2,50_Q2,51_Q2,52_Q2,53_Q2,54_Q2,55_Q2,56_Q2,57_Q2,58_Q2,59_Q2,60_Q2,61_Q2,62_Q2,63_Q2,64_Q2,65_Q2,66_Q2,67_Q2,68_Q2,69_Q2,70_Q2,71_Q2,72_Q2,73_Q2,74_Q2,75_Q2,76_Q2,77_Q2,78_Q2,79_Q2,80_Q2,81_Q2,82_Q2,83_Q2,84_Q2,85_Q2,86_Q2,87_Q2,88_Q2,89_Q2,90_Q2,91_Q2,92_Q2,93_Q2,94_Q2,95_Q2,96_Q2,97_Q2,98_Q2,99_Q2,100_Q2
1,A,A,A,A,B,A,A,A,A,A,A,A,A,A,A,A,A,A,A,A,D,D,D,D,D,D,D,D,D,D,D,D,D,D,D,D,D,D,D,D,C,D,D,D,C,C,D,C,D,D,D,C,D,D,D,D,C,D,C,D,D,D,D,D,D,D,D,D,D,D,D,D,D,D,D,D,D,D,D,D,D,D,D,D,D,D,D,D,D,D,D,D,D,D,D,D,D,D,D,D
2,A,A,A,B,A,A,A,A,A,B,A,B,A,A,A,B,A,A,A,B,D,E,D,D,D,D,D,D,D,D,D,D,D,D,E,E,D,E,D,E,C,C,D,C,C,C,C,C,C,C,D,C,C,C,C,D,C,D,C,D,D,D,D,D,D,D,D,D,D,D,D,D,D,D,E,D,E,D,D,D,E,E,E,E,E,E,E,E,E,E,E,E,E,E,E,E,E,E,E,E
3,A,A,A,A,B,A,A,A,A,A,A,A,A,A,A,A,A,A,A,A,D,E,E,E,E,D,E,E,D,D,D,E,D,D,E,E,E,E,D,E,C,C,C,C,C,C,C,C,C,C,C,C,C,C,C,D,C,C,C,D,E,D,E,E,E,E,D,E,E,D,E,D,D,E,E,E,E,E,D,D,E,E,E,E,E,E,E,E,E,E,E,E,E,E,E,E,E,E,E,E
4,B,B,B,B,B,B,B,B,B,B,B,B,B,B,B,B,B,B,B,B,D,D,D,D,D,D,D,D,D,D,C,D,C,D,D,D,D,D,D,D,C,C,C,C,D,D,C,C,C,C,C,C,C,D,C,D,C,D,C,D,D,D,C,D,D,D,D,D,D,D,D,D,D,D,D,D,D,D,D,C,E,D,D,E,D,E,E,D,E,E,E,D,D,D,D,D,E,D,E,E
5,A,A,A,A,A,A,A,A,A,A,A,A,A,A,A,A,A,A,A,A,B,E,D,D,D,D,D,D,D,D,D,D,D,B,D,D,E,D,D,D,C,C,C,C,C,D,C,C,D,B,C,C,C,C,C,C,D,C,C,C,E,D,D,D,C,E,E,D,E,E,C,D,D,D,E,D,D,D,D,D,E,E,E,E,E,E,E,D,E,E,E,D,D,E,E,D,E,E,E,E
6,A,A,B,B,A,B,A,A,B,A,A,A,A,A,B,B,B,A,A,B,C,E,D,E,E,A,D,E,B,A,C,D,C,B,D,D,E,E,D,E,B,C,E,D,D,C,E,C,D,C,D,D,C,A,C,D,C,D,C,D,D,E,D,D,C,E,D,A,E,D,D,D,C,E,D,D,D,D,D,D,D,A,B,E,E,D,E,D,E,E,E,D,E,E,E,D,E,D,E,D
7,A,B,A,A,A,A,A,A,A,A,A,A,A,A,A,A,A,A,A,A,D,E,E,D,E,D,D,D,D,D,D,D,E,D,E,D,D,E,E,E,D,D,D,D,C,D,D,D,D,D,D,C,D,D,C,D,D,D,D,D,D,E,E,D,E,D,D,D,D,E,E,D,E,D,E,D,E,E,D,D,E,E,E,E,E,E,E,E,E,E,E,E,E,E,E,E,E,E,E,E
8,A,A,A,B,A,A,A,A,A,A,A,B,A,A,A,A,A,B,A,B,D,D,D,D,D,D,D,D,D,D,D,D,C,D,D,D,D,D,D,D,C,C,C,D,C,C,C,C,C,C,D,C,C,D,D,D,D,D,C,D,D,D,D,D,D,D,D,D,D,D,D,D,D,D,D,D,D,D,D,D,E,E,E,E,E,E,E,E,E,E,E,E,E,E,E,E,E,E,E,E
9,A,A,A,A,A,B,A,A,A,A,A,A,A,A,A,A,A,A,A,A,D,D,D,E,D,D,E,D,D,D,D,E,D,D,D,D,E,D,D,D,C,C,C,D,C,C,C,C,C,C,C,C,C,C,C,C,C,C,C,D,D,D,D,D,D,D,D,D,E,D,D,E,D,D,D,D,D,D,D,D,E,E,D,E,D,E,E,E,E,E,E,E,E,E,D,D,E,E,E,E
